Categorização;Perfil; Remuneração ; Custo ;Quantitativo; Remuneração Mensal ; Custo Mensal ;Total Remuneração Equipe;Total Custo Equipe;Fator-K por perfil;Fator-K da contratação;Fator-K (somente perfis usados na pesquisa salarial)
Administrador de sistemas operacionais Senior;Especialista Técnico Middleware; R$ 10.953,00 ; R$ 18.876,29 ;1,0; R$ 10.953,00 ; R$ 18.876,29 ; R$ 255.099,30 ; R$ 454.726,43 ;1,72;1,78;1,73
Administrador de sistemas operacionais Senior;Analista de Middleware – Plataforma Microsoft - Sênior; R$ 9.309,75 ; R$ 16.192,09 ;1,0; R$ 9.309,75 ; R$ 16.192,09 ;;;1,74;;1,74
Administrador de sistemas operacionais Pleno;Analista de Middleware – Plataforma Java/Apache - Pleno; R$ 6.693,75 ; R$ 11.918,94 ;1,0; R$ 6.693,75 ; R$ 11.918,94 ;;;1,78;;1,78
Administrador de sistemas operacionais Senior;Analista de Middleware – Plataforma Java - Sênior; R$ 9.309,75 ; R$ 16.192,09 ;1,0; R$ 9.309,75 ; R$ 16.192,09 ;;;1,74;;1,74
Administrador de sistemas operacionais Pleno;Analista de Middleware - Plataforma Notes - Pleno; R$ 6.693,75 ; R$ 11.918,94 ;0,5 ; R$ 3.346,88 ; R$ 5.959,47 ;;;1,78;;1,78
Administrador de banco de dados - Pleno;Analista DBA - Foco em Análise e Otimização de Queries - Pleno; R$ 6.418,25 ; R$ 11.468,92 ;1,0; R$ 6.418,25 ; R$ 11.468,92 ;;;1,79;;1,79
Administrador de banco de dados - Senior;Analista DBA - Oracle - Sênior; R$ 9.184,50 ; R$ 15.987,50 ;1,0; R$ 9.184,50 ; R$ 15.987,50 ;;;1,74;;1,74
Administrador de banco de dados - Senior;Analista DBA – SQL Server - Sênior; R$ 9.184,50 ; R$ 15.987,50 ;1,0; R$ 9.184,50 ; R$ 15.987,50 ;;;1,74;;1,74
Analista de suporte computacional Senior;Analista de Virtualização e Armazenamento - Sênior; R$ 8.678,25 ; R$ 15.160,56 ;1,0; R$ 8.678,25 ; R$ 15.160,56 ;;;1,75;;1,75
Analista de suporte computacional Pleno;Analista de Virtualização e Armazenamento - Pleno; R$ 6.476,00 ; R$ 11.563,26 ;1,0; R$ 6.476,00 ; R$ 11.563,26 ;;;1,79;;1,79
Administrador de sistemas operacionais Senior;Analista de Sistemas Operacionais – Windows Server - Sênior; R$ 9.058,33 ; R$ 15.781,41 ;2,0; R$ 18.116,66 ; R$ 31.562,82 ;;;1,74;;1,74
Administrador de sistemas operacionais Pleno;Analista de Sistemas Operacionais – Windows Server - Pleno; R$ 6.495,86 ; R$ 15.132,62 ;0,5 ; R$ 3.247,93 ; R$ 7.566,31 ;;;2,33;;2,33
Administrador de sistemas operacionais Senior;Analista de Sistemas Operacionais – Unix - Sênior; R$ 9.058,33 ; R$ 15.781,41 ;1,0; R$ 9.058,33 ; R$ 15.781,41 ;;;1,74;;1,74
Analista de redes e de comunicação de dados Senior;Analista de Redes - Sênior; R$ 8.933,50 ; R$ 15.577,50 ;1,0; R$ 8.933,50 ; R$ 15.577,50 ;;;1,74;;1,74
Analista de redes e de comunicação de dados Pleno;Analista de Redes - Pleno; R$ 6.014,75 ; R$ 10.809,82 ;1,0; R$ 6.014,75 ; R$ 10.809,82 ;;;1,80;;1,80
Administrador em segurança da informação - Senior;Especialista Técnico Segurança da Informação; R$ 11.404,25 ; R$ 19.613,39 ;1,0; R$ 11.404,25 ; R$ 19.613,39 ;;;1,72;;1,72
Administrador em segurança da informação - Pleno;Analista de Segurança da Informação - Redes - Pleno; R$ 6.502,00 ; R$ 15.145,99 ;1,0; R$ 6.502,00 ; R$ 15.145,99 ;;;2,33;;2,33
Administrador em segurança da informação - Pleno;Analista de Segurança da Informação - Sistemas Operacionais - Pleno; R$ 6.502,00 ; R$ 11.605,73 ;1,0; R$ 6.502,00 ; R$ 11.605,73 ;;;1,78;;1,78
Analista de suporte computacional Pleno;Operador - Pleno; R$ 5.439,50 ; R$ 9.774,42 ;8,0; R$ 43.516,00 ; R$ 78.195,36 ;;;1,80;;1,80
Analista de suporte computacional Pleno;Analista de Produção - Pleno; R$ 5.858,75 ; R$ 10.555,00 ;1,0; R$ 5.858,75 ; R$ 10.555,00 ;;;1,80;;1,80
Analista de suporte computacional Pleno;Analista de Acesso - Pleno; R$ 5.257,00 ; R$ 9.572,06 ;1,0; R$ 5.257,00 ; R$ 9.572,06 ;;;1,82;;1,82
Analista de suporte computacional Pleno;Analista de Monitoramento - Pleno; R$ 5.771,00 ; R$ 10.411,66 ;1,0; R$ 5.771,00 ; R$ 10.411,66 ;;;1,80;;1,80
Analista de suporte computacional Senior;Analista de Backup - Sênior; R$ 8.327,25 ; R$ 14.587,21 ;1,0; R$ 8.327,25 ; R$ 14.587,21 ;;;1,75;;1,75
Gerente de infraestrutura de tecnologia da informação;Coordenador de Infraestrutura; R$ 10.900,33 ; R$ 18.790,25 ;1,0; R$ 10.900,33 ; R$ 18.790,25 ;;;1,72;;1,72
Gerente de suporte técnico de tecnologia da informação;Coordenador de Operações; R$ 10.164,67 ; R$ 17.588,58 ;1,0; R$ 10.164,67 ; R$ 17.588,58 ;;;1,73;;1,73
Desenvolvedor de sistemas de tecnologia da informação Pleno;Analista de Qualidade Pleno; R$ 6.793,00 ; R$ 12.081,06 ;1,0; R$ 6.793,00 ; R$ 12.081,06 ;;;1,78;;1,78
Desenvolvedor de sistemas de tecnologia da informação Senior;Analista de Qualidade Sênior; R$ 9.177,25 ; R$ 15.975,66 ;1,0; R$ 9.177,25 ; R$ 15.975,66 ;;;1,74;;1,74
-;SUPERVISOR GERAL; R$ 11.500,00 ; - ;1,0; R$ 11.500,00 ; - ; R$ 205.302,00 ; R$ 395.699,07 ;1,93;1,93;
-;ENGENHEIRO; R$ 10.302,00 ; - ;1,0; R$ 10.302,00 ; - ; R$ 91.402,00 ;;1,93;;
-;ENCARREGADO DE EQUIPE; R$ 4.600,00 ; - ;4,0; R$ 18.400,00 ; - ; R$ 93.100,00 ;;1,93;;
Técnico em manutenção de equipamentos de informática Senior;TECNICO DE CAMPO; R$ 2.600,00 ; - ;14,0; R$ 36.400,00 ; - ; R$ 81.000,00 ;;1,93;;1,93
Técnico em manutenção de equipamentos de informática Pleno;ASSISTENTE TECNICO DE CAMPO; R$ 2.100,00 ; - ;11,0; R$ 23.100,00 ; - ; R$ 66.200,00 ;;1,93;;1,93
-;AJUDANTE GERAL; R$ 1.600,00 ; - ;2,0; R$ 3.200,00 ; - ; R$ 49.400,00 ;;1,93;;
Técnico em manutenção de equipamentos de informática Senior;TECNICO EM ELETRONICA; R$ 4.000,00 ; - ;3,0; R$ 12.000,00 ; - ; R$ 60.200,00 ;;1,93;;1,93
-;SUPERVISOR DE HELPDESK; R$ 6.300,00 ; - ;1,0; R$ 6.300,00 ; - ; R$ 60.800,00 ;;1,93;;
Técnico de suporte ao usuário de tecnologia da informação Senior;TECNICO DE SUPORTE AO USUARIO DE TIC (1º NIVEL); R$ 2.700,00 ; - ;8,0; R$ 21.600,00 ; - ; R$ 62.500,00 ;;1,93;;1,93
-;SUPERVISOR DE TI; R$ 6.300,00 ; - ;1,0; R$ 6.300,00 ; - ; R$ 62.500,00 ;;1,93;;
Analista de suporte computacional Junior;ANALISTA DE INFRAESTRUTURA; R$ 3.500,00 ; - ;4,0; R$ 14.000,00 ; - ; R$ 58.900,00 ;;1,93;;1,93
Desenvolvedor de sistemas de tecnologia da informação Junior;ANALISTA DE SISTEMAS; R$ 6.300,00 ; - ;2,0; R$ 12.600,00 ; - ; R$ 58.130,00 ;;1,93;;1,93
Administrador de banco de dados - Pleno;ADMINISTRADOR DE BANCO DE DADOS; R$ 8.000,00 ; - ;1,0; R$ 8.000,00 ; - ; R$ 58.130,00 ;;1,93;;1,93
Técnico em manutenção de equipamentos de informática Senior;TECNICO EM MANUTENÇÃO DE EQUIPAMENTOS DE INFORMATICA (2º NIVEL); R$ 2.400,00 ; - ;9,0; R$ 21.600,00 ; - ; R$ 53.630,00 ;;1,93;;1,93
Técnico de suporte ao usuário de tecnologia da informação Junior;Atendente Service Desk - Técnico de suporte ao usuário TIC - N1; R$ 1.350,00 ; R$ 3.503,87 ;2,0; R$ 2.700,00 ; R$ 7.007,74 ; R$ 32.030,00 ; R$ 78.429,58 ;2,60;2,45;2,60
Analista de suporte computacional Junior;Analista de Suporte - N1; R$ 1.470,00 ; R$ 3.813,07 ;9,0; R$ 13.230,00 ; R$ 34.317,63 ;;;2,59;;2,59
Analista de suporte computacional Junior;Analista de Suporte - N2; R$ 2.100,00 ; R$ 4.942,16 ;6,0; R$ 12.600,00 ; R$ 29.652,96 ;;;2,35;;2,35
-;Supervisor; R$ 3.500,00 ; R$ 7.451,25 ;1,0; R$ 3.500,00 ; R$ 7.451,25 ;;;2,13;;
-;Analista de Cibersegurança; - ; - ;-; - ; - ; R$ 195.629,19 ; R$ 455.000,00 ;2,33;;
Tecnico de Rede (Telecomunicacoes) Junior;TÉCNICO NIVEL I; R$ 1.836,12 ; R$ 5.048,18 ;1,0; R$ 1.836,12 ; R$ 5.048,18 ; R$ 6.229,76 ; R$ 16.588,28 ;2,75;2,66;2,75
Tecnico de Rede (Telecomunicacoes) Pleno;"TÉCNICO NIVEL II		"; R$ 2.196,82 ; R$ 5.770,05 ;2,0; R$ 4.393,64 ; R$ 11.540,10 ; R$ 53.516,15 ;;2,63;;2,63
Tecnico de Rede (Telecomunicacoes) Pleno;TÉCNICO DE APOIO A OPERAÇÕES EM DATA CENTER (JORNADAS DE 7 ÀS 13H E DE 13 ÀS 19H); R$ 2.627,81 ; R$ 6.249,11 ;6,0; R$ 15.766,86 ; R$ 37.494,66 ; R$ 667.430,80 ; R$ 1.332.026,06 ;2,38;2,00;2,38
Tecnico de Rede (Telecomunicacoes) Pleno;TÉCNICO DE APOIO A OPERAÇÕES EM DATA CENTER (JORNADA DAS 19 À 1H); R$ 2.855,55 ; R$ 6.659,23 ;3,0; R$ 8.566,65 ; R$ 19.977,69 ;;;2,33;;2,33
Tecnico de Rede (Telecomunicacoes) Pleno;TÉCNICO DE APOIO A OPERAÇÕES EM DATA CENTER (JORNADA DA 1H ÀS 7H); R$ 3.007,38 ; R$ 6.932,62 ;3,0; R$ 9.022,14 ; R$ 20.797,86 ;;;2,31;;2,31
Tecnico de Rede (Telecomunicacoes) Pleno;TÉCNICO DE APOIO AO MONITORAMENTO DA INFRAESTRUTURA (JORNADAS DE 7 ÀS 13H E DE 13 ÀS 19H); R$ 2.627,81 ; R$ 6.249,11 ;6,0; R$ 15.766,86 ; R$ 37.494,66 ;;;2,38;;2,38
Tecnico de Rede (Telecomunicacoes) Pleno;TÉCNICO DE APOIO AO MONITORAMENTO DA INFRAESTRUTURA (JORNADA DAS 19 À 1H); R$ 2.855,55 ; R$ 6.659,23 ;3,0; R$ 8.566,65 ; R$ 19.977,69 ;;;2,33;;2,33
Tecnico de Rede (Telecomunicacoes) Pleno;TÉCNICO DE APOIO AO MONITORAMENTO DA INFRAESTRUTURA (JORNADA DA 1H ÀS 7H); R$ 3.007,38 ; R$ 6.932,62 ;3,0; R$ 9.022,14 ; R$ 20.797,86 ;;;2,31;;2,31
Tecnico de Rede (Telecomunicacoes) Junior;TÉCNICO INSTALADOR DE CABEAMENTO; R$ 2.314,46 ; R$ 6.154,58 ;7,0; R$ 16.201,22 ; R$ 43.082,06 ;;;2,66;;2,66
Tecnico de Rede (Telecomunicacoes) Senior;TÉCNICO DE MANUTENÇÃO DE INFRAESTRUTURA DE REDE; R$ 3.130,93 ; R$ 7.392,85 ;8,0; R$ 25.047,44 ; R$ 59.142,80 ;;;2,36;;2,36
Analista de redes e de comunicação de dados Pleno;ANALISTA DE INFRAESTRUTURA DE TI PLENO; R$ 6.192,84 ; R$ 12.230,15 ;6,0; R$ 37.157,04 ; R$ 73.380,90 ;;;1,97;;1,97
Analista de redes e de comunicação de dados Senior;ANALISTA DE INFRAESTRUTURA DE TI SÊNIOR; R$ 8.113,11 ; R$ 15.688,19 ;26,0; R$ 210.940,86 ; R$ 407.892,94 ;;;1,93;;1,93
Analista de redes e de comunicação de dados Senior;ANALISTA DE INFRAESTRUTURA DE TI MASTER; R$ 10.366,92 ; R$ 19.746,90 ;26,0; R$ 269.539,92 ; R$ 513.419,40 ;;;1,90;;1,90
Gerente de infraestrutura de tecnologia da informação;SUPERVISOR TÉCNICO; R$ 13.944,34 ; R$ 26.189,18 ;3,0; R$ 41.833,02 ; R$ 78.567,54 ;;;1,88;;1,88
Analista de suporte computacional Junior;Analista de suporte técnico; R$ 3.698,66 ; R$ 7.689,29 ;87,0; R$ 321.783,42 ; R$ 668.968,23 ; R$ 454.453,06 ; R$ 929.234,21 ;2,08;2,04;2,08
Analista de suporte computacional Pleno;Encarregado de suporte técnico; R$ 5.377,41 ; R$ 10.573,73 ;14,0; R$ 75.283,74 ; R$ 148.032,22 ;;;1,97;;1,97
-;Analista de contratos especializado em gerenciamento de fornecedores e contratos de informática; R$ 6.483,53 ; R$ 12.536,71 ;2,0; R$ 12.967,06 ; R$ 25.073,42 ;;;1,93;;
Analista de suporte computacional Pleno;Analista de suporte técnico especializado em gerenciamento de software de microinformática; R$ 4.846,14 ; R$ 9.643,15 ;2,0; R$ 9.692,28 ; R$ 19.286,30 ;;;1,99;;1,99
-;Analista de suporte técnico especializado em levantamento de requisitos, especificação e orçamento de contratações de ti; R$ 5.809,79 ; R$ 11.341,03 ;2,0; R$ 11.619,58 ; R$ 22.682,06 ;;;1,95;;
Analista de suporte computacional Pleno;Analista de qualidade especializado em monitoramento e controle de qualidade de service desk; R$ 4.582,85 ; R$ 9.194,82 ;2,0; R$ 9.165,70 ; R$ 18.389,64 ;;;2,01;;2,01
Analista de suporte computacional Senior;Líder de service desk; R$ 6.970,64 ; R$ 13.401,17 ;2,0; R$ 13.941,28 ; R$ 26.802,34 ;;;1,92;;1,92
Técnico de suporte ao usuário de tecnologia da informação Pleno;Técnico de suporte ao usuário de tecnologia da informação Pleno; R$ 1.600,00 ; R$ 3.648,00 ;8,0; R$ 12.800,00 ; R$ 29.184,00 ; R$ 131.578,92 ; R$ 299.999,92 ;2,28;2,28;2,28
Técnico de suporte ao usuário de tecnologia da informação Senior;Técnico de suporte ao usuário de tecnologia da informação Senior; R$ 1.798,00 ; R$ 4.099,44 ;6,0; R$ 10.788,00 ; R$ 24.596,64 ;;;2,28;;2,28
Tecnico de Rede (Telecomunicacoes) Pleno;Tecnico de Rede (Telecomunicacoes) Pleno; R$ 1.653,30 ; R$ 3.769,52 ;2,0; R$ 3.306,60 ; R$ 7.539,04 ;;;2,28;;2,28
Gerente de suporte técnico de tecnologia da informação;Gerente de suporte técnico de tecnologia da informação; R$ 4.000,08 ; R$ 9.120,18 ;1,5; R$ 6.000,12 ; R$ 13.680,27 ;;;2,28;;2,28
Analista de suporte computacional Pleno;Analista de suporte computacional Pleno; R$ 3.750,00 ; R$ 8.550,00 ;9,0; R$ 33.750,00 ; R$ 76.950,00 ;;;2,28;;2,28
Analista de suporte computacional Senior;Analista de suporte computacional Senior; R$ 4.400,00 ; R$ 10.032,00 ;3,0; R$ 13.200,00 ; R$ 30.096,00 ;;;2,28;;2,28
Gerente de infraestrutura de tecnologia da informação;Gerente de infraestrutura de tecnologia da informação; R$ 6.122,00 ; R$ 13.958,16 ;1,5; R$ 9.183,00 ; R$ 20.937,24 ;;;2,28;;2,28
Analista de redes e de comunicação de dados Pleno;Analista de redes e de comunicação de dados Pleno; R$ 3.650,40 ; R$ 8.322,91 ;3,0; R$ 10.951,20 ; R$ 24.968,73 ;;;2,28;;2,28
Administrador em segurança da informação - Pleno;Administrador em segurança da informação - Pleno; R$ 4.200,00 ; R$ 9.576,00 ;3,0; R$ 12.600,00 ; R$ 28.728,00 ;;;2,28;;2,28
Analista de sistemas de automação - Pleno;Analista de sistemas de automação - Pleno; R$ 3.800,00 ; R$ 8.664,00 ;5,0; R$ 19.000,00 ; R$ 43.320,00 ;;;2,28;;2,28
Técnico em manutenção de equipamentos de informática Senior;Técnico em manutenção de equipamentos de informática Sênior; R$ 2.600,00 ; - ;1,0; R$ 2.600,00 ; - ; R$ 30.900,00 ; R$ 72.051,59 ;2,33;2,33;2,33
Técnico em manutenção de equipamentos de informática Senior;Técnico em manutenção de equipamentos de informática Sênior; R$ 2.600,00 ; - ;3,0; R$ 7.800,00 ; - ;;;2,33;;2,33
Gerente de infraestrutura de tecnologia da informação;Coordenador de Infraestrutura de Tecnologia da Informação; R$ 7.000,00 ; - ;1,0; R$ 7.000,00 ; - ;;;2,33;;2,33
Administrador de sistemas operacionais Junior;Administrador de sistemas operacionais Pleno Win/linux; R$ 4.500,00 ; - ;2,0; R$ 9.000,00 ; - ;;;2,33;;2,33
Desenvolvedor de sistemas de tecnologia da informação Pleno;Desenvolvedor de sistemas de tecnologia da informação Pleno; R$ 4.500,00 ; - ;1,0; R$ 4.500,00 ; - ;;;2,33;;2,33
Analista de suporte computacional Pleno;Analista de suporte computacional Pleno; R$ 4.475,00 ; R$ 10.307,88 ;1,0; R$ 4.475,00 ; R$ 10.307,88 ; R$ 17.074,84 ; R$ 39.684,21 ;2,30;2,32;2,30
Técnico em manutenção de equipamentos de informática Senior;Técnico em manutenção de equipamentos de informática Sênior; R$ 2.670,74 ; R$ 6.276,24 ;1,0; R$ 2.670,74 ; R$ 6.276,24 ;;;2,35;;2,35
Administrador de banco de dados - Senior;Administrador de banco de dados - Sênior; R$ 9.929,10 ; R$ 23.100,09 ;1,0; R$ 9.929,10 ; R$ 23.100,09 ;;;2,33;;2,33
Analista de redes e de comunicação de dados Senior;Administração de redes; R$ 8.800,00 ; R$ 25.781,21 ;2,0; R$ 17.600,00 ; R$ 51.562,42 ; R$ 17.600,00 ; R$ 51.562,42 ;2,93;2,93;2,93
Técnico de suporte ao usuário de tecnologia da informação Pleno;Técnicos em operação e monitoração de computadores; R$ 2.000,00 ; R$ 5.185,35 ;1,0; R$ 2.000,00 ; R$ 5.185,35 ; R$ 2.987,59 ; R$ 7.437,06 ;2,59;2,49;2,59
Administrador de sistemas operacionais Senior;Administrador de sistemas operacionais Senior; R$ 3.680,00 ; R$ 8.390,40 ;0,1; R$ 368,00 ; R$ 839,04 ;;;2,28;;2,28
Analista de redes e de comunicação de dados Pleno;Analista de redes e de comunicação de dados Pleno; R$ 3.820,00 ; R$ 8.709,60 ;0,1; R$ 382,00 ; R$ 870,96 ;;;2,28;;2,28
Analista de suporte computacional Pleno;Analista de suporte computacional Pleno; R$ 2.375,90 ; R$ 5.417,05 ;0,1; R$ 237,59 ; R$ 541,71 ;;;2,28;;2,28
-;Gestor do Conhecimento; R$ 4.000,00 ; R$ 7.968,80 ;2,0; R$ 8.000,00 ; R$ 15.937,60 ; R$ 109.233,64 ; R$ 267.852,13 ;1,99;2,45;
-;Gestor de Atendimento; R$ 4.400,00 ; R$ 8.489,63 ;2,0; R$ 8.800,00 ; R$ 16.979,26 ;;;1,93;;
Técnico de suporte ao usuário de tecnologia da informação Junior;Lider N1; R$ 1.319,17 ; R$ 4.269,17 ;1,0; R$ 1.319,17 ; R$ 4.269,17 ;;;3,24;;3,24
Técnico de suporte ao usuário de tecnologia da informação Junior;Técnico de Suporte N1 - BSB; R$ 1.191,48 ; R$ 3.998,54 ;7,0; R$ 8.340,36 ; R$ 27.989,78 ;;;3,36;;3,36
Técnico de suporte ao usuário de tecnologia da informação Junior;Técnico de Suporte N1 - Atendimento ao Cidadão 600; R$ 1.191,48 ; R$ 3.208,33 ;2,0; R$ 2.382,96 ; R$ 6.416,66 ;;;2,69;;2,69
Técnico de suporte ao usuário de tecnologia da informação Junior;Técnico de Suporte N1 - Atendimento ao Cidadão 1200; R$ 1.191,48 ; R$ 3.177,08 ;4,0; R$ 4.765,92 ; R$ 12.708,32 ;;;2,67;;2,67
Técnico de suporte ao usuário de tecnologia da informação Junior;Técnico de Suporte N1 - Atendimento ao Cidadão 2400; R$ 1.191,48 ; R$ 3.215,28 ;6,0; R$ 7.148,88 ; R$ 19.291,68 ;;;2,70;;2,70
Técnico de suporte ao usuário de tecnologia da informação Junior;Técnico de Suporte N1 - Atendimento a VideoConferencia; R$ 1.191,48 ; R$ 3.312,50 ;2,0; R$ 2.382,96 ; R$ 6.625,00 ;;;2,78;;2,78
Técnico de suporte ao usuário de tecnologia da informação Junior;Técnico de Suporte N1 - Credenciamento; R$ 1.191,48 ; R$ 3.155,34 ;4,1; R$ 4.908,90 ; R$ 13.000,00 ;;;2,65;;2,65
Técnico de suporte ao usuário de tecnologia da informação Pleno;Lider N2 - Sede BSB; R$ 1.723,79 ; R$ 3.995,11 ;1,0; R$ 1.723,79 ; R$ 3.995,11 ;;;2,32;;2,32
Técnico em manutenção de equipamentos de informática Pleno;Lider N2 - Oficina de Hardware; R$ 1.723,79 ; R$ 3.815,37 ;1,0; R$ 1.723,79 ; R$ 3.815,37 ;;;2,21;;2,21
Técnico de suporte ao usuário de tecnologia da informação Junior;Tecnico de Suporte N2 - Sede; R$ 1.389,82 ; R$ 3.590,17 ;4,0; R$ 5.559,28 ; R$ 14.360,68 ;;;2,58;;2,58
Técnico em manutenção de equipamentos de informática Junior;Tecnico de Suporte N2 - Oficina de Hardware; R$ 1.389,82 ; R$ 3.428,64 ;1,5; R$ 2.084,73 ; R$ 5.142,96 ;;;2,47;;2,47
Técnico de suporte ao usuário de tecnologia da informação Pleno;Tecnico de Suporte N2 - Suporte a Software; R$ 1.935,96 ; R$ 5.239,63 ;2,0; R$ 3.871,92 ; R$ 10.479,26 ;;;2,71;;2,71
Técnico de suporte ao usuário de tecnologia da informação Pleno;Tecnico de Suporte N2 - Estados; R$ 1.777,73 ; R$ 4.109,28 ;26,0; R$ 46.220,98 ; R$ 106.841,28 ;;;2,31;;2,31
Gerente de suporte técnico de tecnologia da informação;Gerente de suporte técnico de tecnologia da informação; R$ 9.632,96 ; R$ 19.054,11 ;1,0; R$ 9.632,96 ; R$ 19.054,11 ; R$ 156.950,48 ; R$ 337.912,46 ;2,23;2,15;2,23
Técnico de suporte ao usuário de tecnologia da informação Senior;Técnico de suporte ao usuário de tecnologia da informação- Senior (100% remoto); R$ 2.635,52 ; R$ 11.745,75 ;2,0; R$ 5.271,04 ; R$ 23.491,50 ;;;2,23;;2,23
Técnico em manutenção de equipamentos de informática Senior;Técnico em manutenção de equipamentos de informática - Senior; R$ 2.670,74 ; R$ 6.591,66 ;7,0; R$ 18.695,18 ; R$ 46.141,62 ;;;2,23;;2,23
Analista de suporte computacional Senior;Analista de suporte computacional - Senior (100% remoto); R$ 6.590,90 ; R$ 19.932,26 ;1,0; R$ 6.590,90 ; R$ 19.932,26 ;;;2,23;;2,23
Gerente de infraestrutura de tecnologia da informação;Gerente de infraestrutura de tecnologia da informação; R$ 16.582,20 ; R$ 32.235,24 ;1,0; R$ 16.582,20 ; R$ 32.235,24 ;;;1,72;;1,72
Gerente de infraestrutura de tecnologia da informação;Gerente de Projetos de infraestrutura (100% remoto); R$ 16.582,20 ; R$ 30.847,34 ;0,8; R$ 13.265,76 ; R$ 24.677,87 ;;;1,72;;1,72
Administrador de banco de dados - Senior;Administrador de banco de dados - Senior; R$ 9.929,10 ; R$ 18.921,22 ;1,7; R$ 16.879,47 ; R$ 32.166,07 ;;;1,91;;1,91
Analista de suporte computacional Senior;Analista de suporte computacional - Senior; R$ 6.590,90 ; R$ 13.074,74 ;1,5; R$ 9.886,35 ; R$ 19.612,11 ;;;1,95;;1,95
Administrador de sistemas operacionais Senior;Administrador de sistemas operacionais - Sênior; R$ 8.341,05 ; R$ 16.091,92 ;1,5; R$ 12.511,58 ; R$ 24.137,88 ;;;1,95;;1,95
Analista de sistemas de automação - Senior;Analista de sistemas de automação - Senior; R$ 8.141,81 ; R$ 15.416,66 ;1,0; R$ 8.141,81 ; R$ 15.416,66 ;;;1,89;;1,89
Analista de suporte computacional Senior;Analista de suporte computacional - Senior; R$ 6.590,90 ; R$ 12.456,14 ;0,95; R$ 6.261,36 ; R$ 11.833,33 ;;;1,80;;1,80
Analista de redes e de comunicação de dados Senior;Analista de redes e de comunicação de dados - Senior; R$ 7.105,84 ; R$ 15.333,33 ;1,5; R$ 10.658,76 ; R$ 23.000,00 ;;;2,16;;2,16
Administrador em segurança da informação - Senior;Administrador em segurança da informação - Sênior; R$ 11.581,68 ; R$ 25.023,65 ;1,0; R$ 11.581,68 ; R$ 25.023,65 ;;;2,16;;2,16
Analista de sistemas de automação - Senior;Analista de sistemas de automação - Senior; R$ 8.141,81 ; R$ 15.696,41 ;1,35; R$ 10.991,44 ; R$ 21.190,15 ;;;1,93;;1,93
Técnico de suporte ao usuário de tecnologia da informação Pleno;Orquestração de Central de Serviços de 1º Nível - Técnico de suporte ao usuário de tecnologia da informação Pleno; R$ 1.798,48 ; - ;2,0; R$ 3.596,96 ; - ; R$ 185.384,47 ; R$ 540.165,44 ;2,91;2,91;2,91
Técnico de suporte ao usuário de tecnologia da informação Senior;Orquestração de Central de Serviços de 1º Nível - Técnico de suporte ao usuário de tecnologia da informação Senior; R$ 2.635,52 ; - ;2,0; R$ 5.271,04 ; - ;;;2,91;;2,91
Técnico em manutenção de equipamentos de informática Pleno;Orquestração do Atendimento a Usuários de 2º Nível – Presencial/Remoto - Técnico em manutenção de equipamentos de informática Pleno (2o Nível) - DF; R$ 1.642,94 ; - ;2,0; R$ 3.285,88 ; - ;;;2,91;;2,91
Técnico em manutenção de equipamentos de informática Senior;Orquestração do Atendimento a Usuários de 2º Nível – Presencial/Remoto - Técnico em manutenção de equipamentos de informática Senior (2o Nível) - DF; R$ 2.127,72 ; - ;2,0; R$ 4.255,44 ; - ;;;2,91;;2,91
Gerente de suporte técnico de tecnologia da informação;Gerente de suporte técnico de tecnologia da informação; R$ 8.351,91 ; - ;1,0; R$ 8.351,91 ; - ;;;2,91;;2,91
Técnico em manutenção de equipamentos de informática Senior;Orquestração do Atendimento a Usuários de 2º Nível Unidades Descentralizadas - Técnico em manutenção de equipamentos de informática Senior - AC; R$ 2.127,72 ; - ;1,0; R$ 2.127,72 ; - ;;;2,91;;2,91
Técnico em manutenção de equipamentos de informática Senior;Orquestração do Atendimento a Usuários de 2º Nível Unidades Descentralizadas -Técnico em manutenção de equipamentos de informática Senior - AL; R$ 3.065,00 ; - ;1,0; R$ 3.065,00 ; - ;;;2,91;;2,91
Técnico em manutenção de equipamentos de informática Senior;Orquestração do Atendimento a Usuários de 2º Nível Unidades Descentralizadas -Técnico em manutenção de equipamentos de informática Senior - AP; R$ 2.127,72 ; - ;1,0; R$ 2.127,72 ; - ;;;2,91;;2,91
Técnico em manutenção de equipamentos de informática Senior;Orquestração do Atendimento a Usuários de 2º Nível Unidades Descentralizadas - Técnico em manutenção de equipamentos de informática Senior - AM; R$ 2.127,72 ; - ;1,0; R$ 2.127,72 ; - ;;;2,91;;2,91
Técnico em manutenção de equipamentos de informática Senior;Orquestração do Atendimento a Usuários de 2º Nível Unidades Descentralizadas - Técnico em manutenção de equipamentos de informática Senior - BA; R$ 2.127,72 ; - ;1,0; R$ 2.127,72 ; - ;;;2,91;;2,91
Técnico em manutenção de equipamentos de informática Senior;Orquestração do Atendimento a Usuários de 2º Nível Unidades Descentralizadas - Técnico em manutenção de equipamentos de informática Senior - CE; R$ 2.127,72 ; - ;1,0; R$ 2.127,72 ; - ;;;2,91;;2,91
Técnico em manutenção de equipamentos de informática Senior;Orquestração do Atendimento a Usuários de 2º Nível Unidades Descentralizadas - Técnico em manutenção de equipamentos de informática Senior - ES; R$ 2.127,72 ; - ;1,0; R$ 2.127,72 ; - ;;;2,91;;2,91
Técnico em manutenção de equipamentos de informática Senior;Orquestração do Atendimento a Usuários de 2º Nível Unidades Descentralizadas - Técnico em manutenção de equipamentos de informática Senior - GO; R$ 2.127,72 ; - ;2,0; R$ 4.255,44 ; - ;;;2,91;;2,91
Técnico em manutenção de equipamentos de informática Senior;Orquestração do Atendimento a Usuários de 2º Nível Unidades Descentralizadas - Técnico em manutenção de equipamentos de informática Senior - MA; R$ 2.127,72 ; - ;1,0; R$ 2.127,72 ; - ;;;2,91;;2,91
Técnico em manutenção de equipamentos de informática Senior;Orquestração do Atendimento a Usuários de 2º Nível Unidades Descentralizadas - Técnico em manutenção de equipamentos de informática Senior - MT; R$ 2.127,72 ; - ;1,0; R$ 2.127,72 ; - ;;;2,91;;2,91
Técnico em manutenção de equipamentos de informática Senior;Orquestração do Atendimento a Usuários de 2º Nível Unidades Descentralizadas - Técnico em manutenção de equipamentos de informática Senior - MS; R$ 2.127,72 ; - ;1,0; R$ 2.127,72 ; - ;;;2,91;;2,91
Técnico em manutenção de equipamentos de informática Senior;Orquestração do Atendimento a Usuários de 2º Nível Unidades Descentralizadas - Técnico em manutenção de equipamentos de informática Senior - MG; R$ 2.127,72 ; - ;2,0; R$ 4.255,44 ; - ;;;2,91;;2,91
Técnico em manutenção de equipamentos de informática Senior;Orquestração do Atendimento a Usuários de 2º Nível Unidades Descentralizadas - Técnico em manutenção de equipamentos de informática Senior - PA; R$ 2.127,72 ; - ;1,0; R$ 2.127,72 ; - ;;;2,91;;2,91
Técnico em manutenção de equipamentos de informática Senior;Orquestração do Atendimento a Usuários de 2º Nível Unidades Descentralizadas - Técnico em manutenção de equipamentos de informática Senior - PB; R$ 2.127,72 ; - ;1,0; R$ 2.127,72 ; - ;;;2,91;;2,91
Técnico em manutenção de equipamentos de informática Senior;Orquestração do Atendimento a Usuários de 2º Nível Unidades Descentralizadas - Técnico em manutenção de equipamentos de informática Senior - PR; R$ 2.127,72 ; - ;1,0; R$ 2.127,72 ; - ;;;2,91;;2,91
Técnico em manutenção de equipamentos de informática Senior;Orquestração do Atendimento a Usuários de 2º Nível Unidades Descentralizadas - Técnico em manutenção de equipamentos de informática Senior - PE; R$ 2.127,72 ; - ;1,0; R$ 2.127,72 ; - ;;;2,91;;2,91
Técnico em manutenção de equipamentos de informática Senior;Orquestração do Atendimento a Usuários de 2º Nível Unidades Descentralizadas - Técnico em manutenção de equipamentos de informática Senior - PI; R$ 2.127,72 ; - ;1,0; R$ 2.127,72 ; - ;;;2,91;;2,91
Técnico em manutenção de equipamentos de informática Senior;Orquestração do Atendimento a Usuários de 2º Nível Unidades Descentralizadas - Técnico em manutenção de equipamentos de informática Senior - RJ; R$ 2.127,72 ; - ;2,0; R$ 4.255,44 ; - ;;;2,91;;2,91
Técnico em manutenção de equipamentos de informática Senior;Orquestração do Atendimento a Usuários de 2º Nível Unidades Descentralizadas - Técnico em manutenção de equipamentos de informática Senior - RN; R$ 2.436,94 ; - ;2,0; R$ 4.873,88 ; - ;;;2,91;;2,91
Técnico em manutenção de equipamentos de informática Senior;Orquestração do Atendimento a Usuários de 2º Nível Unidades Descentralizadas - Técnico em manutenção de equipamentos de informática Senior - RR; R$ 2.127,72 ; - ;1,0; R$ 2.127,72 ; - ;;;2,91;;2,91
Técnico em manutenção de equipamentos de informática Senior;Orquestração do Atendimento a Usuários de 2º Nível Unidades Descentralizadas - Técnico em manutenção de equipamentos de informática Senior - RS; R$ 2.127,72 ; - ;1,0; R$ 2.127,72 ; - ;;;2,91;;2,91
Técnico em manutenção de equipamentos de informática Senior;Orquestração do Atendimento a Usuários de 2º Nível Unidades Descentralizadas - Técnico em manutenção de equipamentos de informática Senior - RO; R$ 3.066,26 ; - ;1,0; R$ 3.066,26 ; - ;;;2,91;;2,91
Técnico em manutenção de equipamentos de informática Senior;Orquestração do Atendimento a Usuários de 2º Nível Unidades Descentralizadas - Técnico em manutenção de equipamentos de informática Senior - SC; R$ 3.256,00 ; - ;2,0; R$ 6.512,00 ; - ;;;2,91;;2,91
Técnico em manutenção de equipamentos de informática Senior;Orquestração do Atendimento a Usuários de 2º Nível Unidades Descentralizadas - Técnico em manutenção de equipamentos de informática Senior - SP; R$ 2.127,72 ; - ;2,0; R$ 4.255,44 ; - ;;;2,91;;2,91
Técnico em manutenção de equipamentos de informática Senior;Orquestração do Atendimento a Usuários de 2º Nível Unidades Descentralizadas - Técnico em manutenção de equipamentos de informática Senior - SE; R$ 2.127,72 ; - ;1,0; R$ 2.127,72 ; - ;;;2,91;;2,91
Técnico em manutenção de equipamentos de informática Senior;Orquestração do Atendimento a Usuários de 2º Nível Unidades Descentralizadas - Técnico em manutenção de equipamentos de informática Senior - TO; R$ 2.127,72 ; - ;1,0; R$ 2.127,72 ; - ;;;2,91;;2,91
Gerente de segurança da informação;Orquestração e Gestão da Infraestrutura de TIC - Gerente de segurança da informação; R$ 8.351,91 ; - ;1,0; R$ 8.351,91 ; - ;;;2,91;;2,91
Administrador em segurança da informação - Senior;Orquestração e Gestão da Infraestrutura de TIC - Administrador em segurança da informação – Sênior; R$ 8.351,91 ; - ;1,0; R$ 8.351,91 ; - ;;;2,91;;2,91
Administrador em segurança da informação - Pleno;Orquestração e Gestão da Infraestrutura de TIC - Administrador em segurança da informação - Pleno; R$ 7.257,31 ; - ;1,0; R$ 7.257,31 ; - ;;;2,91;;2,91
Analista de redes e de comunicação de dados Senior;Orquestração e Gestão da Infraestrutura de TIC - Analista de redes e de comunicação de dados Sênior; R$ 7.105,84 ; - ;1,0; R$ 7.105,84 ; - ;;;2,91;;2,91
Analista de redes e de comunicação de dados Pleno;Orquestração e Gestão da Infraestrutura de TIC - Analista de redes e de comunicação de dados Pleno; R$ 4.897,29 ; - ;1,0; R$ 4.897,29 ; - ;;;2,91;;2,91
Administrador de banco de dados - Senior;Orquestração e Gestão da Infraestrutura de TIC - Administrador de banco de dados - Sênior; R$ 9.929,10 ; - ;1,0; R$ 9.929,10 ; - ;;;2,91;;2,91
Administrador de banco de dados - Pleno;Orquestração e Gestão da Infraestrutura de TIC - Administrador de banco de dados - Pleno; R$ 6.506,01 ; - ;1,0; R$ 6.506,01 ; - ;;;2,91;;2,91
Administrador de sistemas operacionais Senior;Orquestração e Gestão da Infraestrutura de TIC - Administrador de sistemas operacionais Senior; R$ 8.341,05 ; - ;1,0; R$ 8.341,05 ; - ;;;2,91;;2,91
Administrador de sistemas operacionais Pleno;Orquestração e Gestão da Infraestrutura de TIC - Administrador de sistemas operacionais Pleno; R$ 4.787,76 ; - ;1,0; R$ 4.787,76 ; - ;;;2,91;;2,91
Administrador de sistemas operacionais Junior;Orquestração e Gestão da Infraestrutura de TIC - Administrador de sistemas operacionais Junior; R$ 2.417,10 ; - ;1,0; R$ 2.417,10 ; - ;;;2,91;;2,91
Gerente de infraestrutura de tecnologia da informação;Orquestração e Gestão da Infraestrutura de TIC - Gerente de infraestrutura de tecnologia da informação; R$ 8.351,91 ; - ;1,0; R$ 8.351,91 ; - ;;;2,91;;2,91
Analista de suporte computacional Pleno;Orquestração e Gestão da Infraestrutura de TIC - Analista de suporte computacional Pleno; R$ 4.897,29 ; - ;1,0; R$ 4.897,29 ; - ;;;2,91;;2,91
Analista de suporte computacional Senior;Orquestração e Gestão da Infraestrutura de TIC - Analista de suporte computacional Senior; R$ 6.590,90 ; - ;1,0; R$ 6.590,90 ; - ;;;2,91;;2,91
Gerente de infraestrutura de tecnologia da informação;Gerente de Infraestrutura de Tecnologia da Informação; R$ 16.582,20 ; R$ 30.499,08 ;1,0; R$ 16.582,20 ; R$ 30.499,08 ; R$ 125.175,93 ; R$ 242.836,27 ;1,84;1,94;1,84
Gerente de suporte técnico de tecnologia da informação;Gerente de Suporte Técnico de Tecnologia da Informação; R$ 9.632,96 ; R$ 18.064,52 ;1,0; R$ 9.632,96 ; R$ 18.064,52 ;;;1,88;;1,88
Técnico de suporte ao usuário de tecnologia da informação Pleno;Técnico de Suporte ao Usuário de Tecnologia da Informação - Pleno; R$ 1.798,48 ; R$ 4.440,56 ;3,0; R$ 5.395,44 ; R$ 13.321,68 ;;;2,47;;2,47
Analista de suporte computacional Pleno;Analista de Suporte Computacional - Pleno; R$ 4.475,40 ; R$ 8.937,05 ;7,0; R$ 31.327,80 ; R$ 62.559,35 ;;;2,00;;2,00
Analista de suporte computacional Senior;Analista de Suporte Computacional - Sênior; R$ 6.590,90 ; R$ 12.702,16 ;4,0; R$ 26.363,60 ; R$ 50.808,64 ;;;1,93;;1,93
Administrador em segurança da informação - Pleno;Administrador em Segurança da Informação - Pleno; R$ 7.257,31 ; R$ 13.854,12 ;1,0; R$ 7.257,31 ; R$ 13.854,12 ;;;1,91;;1,91
Administrador em segurança da informação - Senior;Administrador em Segurança da Informação - Sênior; R$ 11.581,68 ; R$ 21.551,38 ;1,0; R$ 11.581,68 ; R$ 21.551,38 ;;;1,86;;1,86
Analista de redes e de comunicação de dados Senior;Analista de Redes e de Comunicação de Dados - Sênior; R$ 7.105,84 ; R$ 13.583,11 ;1,0; R$ 7.105,84 ; R$ 13.583,11 ;;;1,91;;1,91
Administrador de banco de dados - Senior;Administrador de Banco de Dados - Sênior; R$ 9.929,10 ; R$ 18.594,39 ;1,0; R$ 9.929,10 ; R$ 18.594,39 ;;;1,87;;1,87
Técnico de suporte ao usuário de tecnologia da informação Senior;Suporte TIC, 44 horas semanais diurnas; R$ 2.684,53 ; R$ 5.954,18 ;1,0; R$ 2.684,53 ; R$ 5.954,18 ; R$ 2.684,53 ; R$ 5.954,18 ;2,22;2,22;2,22
Analista de suporte computacional Junior;Analista de Suporte Junior; R$ 3.500,00 ; R$ 7.268,13 ;1,0; R$ 3.500,00 ; R$ 7.268,13 ; R$ 15.000,00 ; R$ 30.683,11 ;2,08;2,05;2,08
Analista de suporte computacional Pleno;Analista de Suporte Pleno; R$ 5.000,00 ; R$ 10.185,79 ;1,0; R$ 5.000,00 ; R$ 10.185,79 ;;;2,04;;2,04
Analista de suporte computacional Senior;Analista de Suporte Sênior; R$ 6.500,00 ; R$ 13.229,19 ;1,0; R$ 6.500,00 ; R$ 13.229,19 ;;;2,04;;2,04
Técnico de suporte ao usuário de tecnologia da informação Junior;Tecnico informatica - Serviço de suporte e atendimento ao usuário - N1; R$ 1.570,23 ; R$ 4.766,65 ;0,5; R$ 785,12 ; R$ 2.383,33 ; R$ 3.925,58 ; R$ 11.916,65 ;3,04;3,04;3,04
Técnico de suporte ao usuário de tecnologia da informação Junior;Tecnico informatica - Serviço de suporte e atendimento ao usuário - N2; R$ 1.570,23 ; R$ 4.766,66 ;2,0; R$ 3.140,46 ; R$ 9.533,32 ;;;3,04;;3,04
Técnico de suporte ao usuário de tecnologia da informação Junior;Operação Central de Serviços - N1; R$ 1.600,00 ; R$ 3.333,24 ;3,0; R$ 4.800,00 ; R$ 9.999,72 ; R$ 32.700,00 ; R$ 65.322,81 ;2,08;2,00;2,08
Técnico de suporte ao usuário de tecnologia da informação Pleno;Atendimento -N2; R$ 1.800,00 ; R$ 3.888,55 ;3,0; R$ 5.400,00 ; R$ 11.665,65 ;;;2,16;;2,16
Analista de suporte computacional Pleno;Gerenciamento de Serviços; R$ 5.000,00 ; R$ 9.524,79 ;1,0; R$ 5.000,00 ; R$ 9.524,79 ;;;1,90;;1,90
Analista de suporte computacional Junior;Sustentação de Aplicações; R$ 3.500,00 ; R$ 6.826,53 ;1,0; R$ 3.500,00 ; R$ 6.826,53 ;;;1,95;;1,95
Analista de redes e de comunicação de dados Junior;Conectividade e Comunicação; R$ 3.500,00 ; R$ 6.826,53 ;1,0; R$ 3.500,00 ; R$ 6.826,53 ;;;1,95;;1,95
Analista de suporte computacional Junior;Armazenamento e Backuo; R$ 3.500,00 ; R$ 6.826,53 ;1,0; R$ 3.500,00 ; R$ 6.826,53 ;;;1,95;;1,95
Administrador de banco de dados - Junior;Sustentação de banco de dados; R$ 3.500,00 ; R$ 6.826,53 ;1,0; R$ 3.500,00 ; R$ 6.826,53 ;;;1,95;;1,95
Analista de suporte computacional Junior;Monitoramento de Infra; R$ 3.500,00 ; R$ 6.826,53 ;1,0; R$ 3.500,00 ; R$ 6.826,53 ;;;1,95;;1,95
-; Preposto ; R$ 11.000,00 ; - ;0,1; R$ 1.100,00 ; - ; R$ 66.114,55 ; R$ -   ;2,89;2,68;
Gerente de infraestrutura de tecnologia da informação;Gerente de infraestrutura de tecnologia da informação; R$ 10.500,00 ; - ;1,0; R$ 10.500,00 ; - ;;;2,79;;2,79
Gerente de segurança da informação;Gerente de segurança da informação; R$ 10.500,00 ; - ;1,0; R$ 10.500,00 ; - ;;;2,79;;2,79
Analista de sistemas de automação - Pleno;Analista de sistemas de automação Pleno; R$ 9.000,00 ; - ;0,5; R$ 4.500,00 ; - ;;;2,88;;2,88
Administrador de sistemas operacionais Pleno;Administradores de sistemas operacionais Pleno; R$ 8.500,00 ; - ;0,5; R$ 4.250,00 ; - ;;;2,77;;2,77
Analista de suporte computacional Pleno;Analistas de suporte computacional Pleno; R$ 4.227,27 ; - ;2,0; R$ 8.454,55 ; - ;;;2,19;;2,19
Analista de suporte computacional Junior;Analistas de suporte computacional Júnior; R$ 2.700,00 ; - ;2,0; R$ 5.400,00 ; - ;;;2,70;;2,70
Administrador de banco de dados - Pleno;Administrador de banco de dados Pleno; R$ 10.000,00 ; - ;0,5; R$ 5.000,00 ; - ;;;3,12;;3,12
Analista de redes e de comunicação de dados Pleno;Analista de redes e de comunicação de dados Pleno; R$ 8.500,00 ; - ;0,5; R$ 4.250,00 ; - ;;;2,77;;2,77
Administrador em segurança da informação - Pleno;Administradores em segurança da informação Pleno; R$ 7.160,00 ; - ;1,0; R$ 7.160,00 ; - ;;;2,45;;2,45
Administrador em segurança da informação - Senior;Administrador em segurança da informação Sênior; R$ 10.000,00 ; - ;0,5; R$ 5.000,00 ; - ;;;3,12;;3,12
Técnico de suporte ao usuário de tecnologia da informação Pleno;Técnico de Suporte de Nível 2; R$ 2.200,00 ; R$ 4.985,52 ;7,0; R$ 15.400,00 ; R$ 34.898,64 ; R$ 42.750,00 ; R$ 91.307,67 ;2,27;2,14;2,27
Técnico de suporte ao usuário de tecnologia da informação Pleno;Técnico de Suporte de Nível 2 - Colatina; R$ 2.200,00 ; R$ 4.985,52 ;1,0; R$ 2.200,00 ; R$ 4.985,52 ;;;2,27;;2,27
Técnico de suporte ao usuário de tecnologia da informação Pleno;Técnico de Suporte de Nível 2 - São Matheus; R$ 2.200,00 ; R$ 4.985,52 ;1,0; R$ 2.200,00 ; R$ 4.985,52 ;;;2,27;;2,27
Analista de suporte computacional Pleno;Analista de Suporte de Nível 3; R$ 4.600,00 ; R$ 9.305,82 ;4,0; R$ 18.400,00 ; R$ 37.223,28 ;;;2,02;;2,02
Gerente de suporte técnico de tecnologia da informação;Gerente de Suporte Técnico; R$ 4.550,00 ; R$ 9.214,71 ;1,0; R$ 4.550,00 ; R$ 9.214,71 ;;;2,03;;2,03
-;Supervisor Técnico; R$ 2.500,00 ; R$ 5.993,20 ;1,0; R$ 2.500,00 ; R$ 5.993,20 ; R$ 10.212,00 ; R$ 25.370,01 ;2,40;2,48;
Técnico de suporte ao usuário de tecnologia da informação Pleno;Atendente ao Usuário; R$ 1.928,00 ; R$ 4.808,90 ;1,0; R$ 1.928,00 ; R$ 4.808,90 ;;;2,49;;2,49
Técnico de suporte ao usuário de tecnologia da informação Pleno;Técnico de Campo; R$ 1.928,00 ; R$ 4.855,97 ;3,0; R$ 5.784,00 ; R$ 14.567,91 ;;;2,52;;2,52
Técnico de suporte ao usuário de tecnologia da informação Senior;Atendente N2; R$ 2.832,23 ; R$ 6.366,73 ;1,0; R$ 2.832,23 ; R$ 6.366,73 ; R$ 6.946,39 ; R$ 15.000,00 ;2,25;2,16;2,25
-;Supervisor; R$ 4.114,16 ; R$ 8.633,27 ;1,0; R$ 4.114,16 ; R$ 8.633,27 ;;;2,10;;
Técnico em manutenção de equipamentos de informática Senior;Técnico de Manutenção de Equipamentos de Informática Sênior; R$ 2.797,44 ; R$ 6.666,67 ;3,0; R$ 8.392,32 ; R$ 20.000,01 ; R$ 54.644,66 ; R$ 116.999,84 ;3,10;2,14;3,10
Analista de suporte computacional Pleno;Analista de Suporte Computacional Pleno; R$ 3.632,90 ; R$ 8.749,99 ;1,0; R$ 3.632,90 ; R$ 8.749,99 ;;;3,13;;3,13
Analista de suporte computacional Pleno;Analista de Suporte Computacional Pleno; R$ 3.632,90 ; R$ 8.162,39 ;1,0; R$ 3.632,90 ; R$ 8.162,39 ;;;2,92;;2,92
Analista de sistemas de automação - Pleno;Analista de Sistemas de Automação Pleno; R$ 4.624,20 ; R$ 9.841,42 ;1,0; R$ 4.624,20 ; R$ 9.841,42 ;;;2,77;;2,77
Desenvolvedor de sistemas de tecnologia da informação Pleno;Desenvolvedor de Sistemas de Tecnologia da Informação Pleno; R$ 7.800,00 ; R$ 15.735,08 ;1,0; R$ 7.800,00 ; R$ 15.735,08 ;;;2,62;;2,62
Desenvolvedor de sistemas de tecnologia da informação Junior;Desenvolvedor de Sistemas de Tecnologia da Informação Júnior; R$ 4.940,00 ; R$ 10.427,52 ;1,0; R$ 4.940,00 ; R$ 10.427,52 ;;;2,74;;2,74
Administrador em segurança da informação - Senior;Administrador em Segurança da Informação Sênior; R$ 10.503,18 ; R$ 20.579,15 ;1,0; R$ 10.503,18 ; R$ 20.579,15 ;;;2,55;;2,55
Administrador de sistemas operacionais Pleno;Administrador de Sistemas Operacionais Pleno; R$ 5.559,58 ; R$ 11.752,14 ;2,0; R$ 11.119,16 ; R$ 23.504,28 ;;;2,75;;2,75
Administrador de banco de dados - Pleno;Administrador de banco de dados Pleno; R$ 5.855,41 ; R$ 14.605,98 ;1,0; R$ 5.855,41 ; R$ 14.605,98 ; R$ 14.791,60 ; R$ 36.333,33 ;2,49;2,46;2,49
Administrador de banco de dados - Senior;Administrador de banco de dados Sênior; R$ 8.936,19 ; R$ 21.727,35 ;1,0; R$ 8.936,19 ; R$ 21.727,35 ;;;2,43;;2,43
-;Gerente de Projetos ; R$ 8.000,00 ; R$ 18.749,28 ;1,0; R$ 8.000,00 ; R$ 18.749,28 ; R$ 135.055,00 ; R$ 317.005,83 ;2,34;2,35;
-;Administrador de Solução Analítica ; R$ 14.000,00 ; R$ 33.332,63 ;1,0; R$ 14.000,00 ; R$ 33.332,63 ;;;2,38;;
-;Administrador de Dados ; R$ 9.000,00 ; R$ 20.833,12 ;1,0; R$ 9.000,00 ; R$ 20.833,12 ;;;2,31;;
Administrador de banco de dados - Senior;Administrador de Banco de Dados ; R$ 12.500,00 ; R$ 29.164,95 ;1,0; R$ 12.500,00 ; R$ 29.164,95 ;;;2,33;;2,33
-;Analista de Dados ETL ; R$ 8.875,00 ; R$ 19.791,19 ;1,0; R$ 8.875,00 ; R$ 19.791,19 ;;;2,23;;
-;Analista de Dados OLAP ; R$ 8.580,00 ; R$ 20.833,11 ;1,0; R$ 8.580,00 ; R$ 20.833,11 ;;;2,43;;
-;Analista GED ; R$ 6.900,00 ; R$ 17.499,68 ;1,0; R$ 6.900,00 ; R$ 17.499,68 ;;;2,54;;
-;Técnico em Monitoramento da Informação; R$ 6.000,00 ; R$ 15.000,47 ;1,0; R$ 6.000,00 ; R$ 15.000,47 ;;;2,50;;
-;Analista de Qualidade de Dados ; R$ 7.700,00 ; R$ 17.499,69 ;1,0; R$ 7.700,00 ; R$ 17.499,69 ;;;2,27;;
-;Arquiteto de Serviços ; R$ 8.500,00 ; R$ 19.998,87 ;1,0; R$ 8.500,00 ; R$ 19.998,87 ;;;2,35;;
-;Cientista de Dados ; R$ 13.500,00 ; R$ 31.665,90 ;1,0; R$ 13.500,00 ; R$ 31.665,90 ;;;2,35;;
Desenvolvedor de sistemas de tecnologia da informação Senior;Analista de Requisitos ; R$ 9.000,00 ; R$ 20.833,11 ;1,0; R$ 9.000,00 ; R$ 20.833,11 ;;;2,31;;2,31
Desenvolvedor de sistemas de tecnologia da informação Senior;Analista de Desenvolvimento ; R$ 11.000,00 ; R$ 26.387,69 ;1,0; R$ 11.000,00 ; R$ 26.387,69 ;;;2,40;;2,40
-;Gerente de Serviços ; R$ 11.500,00 ; R$ 25.416,14 ;1,0; R$ 11.500,00 ; R$ 25.416,14 ;;;2,21;;
Técnico de suporte ao usuário de tecnologia da informação Junior;Técnico de suporte ao usuário de tecnologia da informação - Júnior; R$ 3.466,88 ; R$ 8.147,16 ;1,0; R$ 3.466,88 ; R$ 8.147,16 ; R$ 136.928,37 ; R$ 321.781,67 ;2,35;2,35;2,35
Técnico de suporte ao usuário de tecnologia da informação Pleno;Técnico de suporte ao usuário de tecnologia da informação - Pleno; R$ 3.711,90 ; R$ 8.722,96 ;1,0; R$ 3.711,90 ; R$ 8.722,96 ;;;2,35;;2,35
Técnico de suporte ao usuário de tecnologia da informação Senior;Técnico de suporte ao usuário de tecnologia da informação - Sênior; R$ 3.238,17 ; R$ 7.609,69 ;2,0; R$ 6.476,33 ; R$ 15.219,38 ;;;2,35;;2,35
Técnico em manutenção de equipamentos de informática Pleno;Técnico em manutenção de equipamentos de informática - Pleno; R$ 1.854,02 ; R$ 4.356,95 ;26,0; R$ 48.204,55 ; R$ 113.280,70 ;;;2,35;;2,35
Técnico em manutenção de equipamentos de informática Senior;Técnico em manutenção de equipamentos de informática - Sênior; R$ 2.984,66 ; R$ 7.013,95 ;5,0; R$ 14.923,30 ; R$ 35.069,75 ;;;2,35;;2,35
Gerente de suporte técnico de tecnologia da informação;"Gerente de suporte técnico de tecnologia
da informação"; R$ 8.819,98 ; R$ 20.726,96 ;1,0; R$ 8.819,98 ; R$ 20.726,96 ;;;2,35;;2,35
Administrador de sistemas operacionais Pleno;Administrador de sistemas operacionais - Pleno; R$ 4.654,65 ; R$ 10.938,42 ;1,0; R$ 4.654,65 ; R$ 10.938,42 ;;;2,35;;2,35
Administrador de sistemas operacionais Senior;Administrador de sistemas operacionais - Sênior; R$ 6.169,34 ; R$ 14.497,94 ;1,0; R$ 6.169,34 ; R$ 14.497,94 ;;;2,35;;2,35
Analista de redes e de comunicação de dados Senior;Administrador de redes e de comunicação de dados - Sênior; R$ 6.169,34 ; R$ 14.497,94 ;1,0; R$ 6.169,34 ; R$ 14.497,94 ;;;2,35;;2,35
Analista de sistemas de automação - Senior;Analista de sistemas de automação - Sênior; R$ 7.179,91 ; R$ 16.872,79 ;1,0; R$ 7.179,91 ; R$ 16.872,79 ;;;2,35;;2,35
Administrador de banco de dados - Senior;Administrador de banco de dados - Sênior; R$ 6.687,52 ; R$ 15.715,67 ;1,0; R$ 6.687,52 ; R$ 15.715,67 ;;;2,35;;2,35
Administrador em segurança da informação - Pleno;Administrador em segurança da informação - Pleno; R$ 5.939,55 ; R$ 13.957,95 ;1,0; R$ 5.939,55 ; R$ 13.957,95 ;;;2,35;;2,35
Administrador em segurança da informação - Senior;Administrador em segurança da informação - Sênior; R$ 7.454,25 ; R$ 17.517,48 ;1,0; R$ 7.454,25 ; R$ 17.517,48 ;;;2,35;;2,35
Gerente de infraestrutura de tecnologia da informação;Gerente de infraestrutura de tecnologiada informação; R$ 7.070,88 ; R$ 16.616,57 ;1,0; R$ 7.070,88 ; R$ 16.616,57 ;;;2,35;;2,35
Técnico de suporte ao usuário de tecnologia da informação Junior;Técnico Suporte ao usuário de TI (1-Técnico N1) ; R$ 1.327,64 ; R$ 2.788,04 ;4,0; R$ 5.310,56 ; R$ 11.152,18 ; R$ 163.226,74 ; R$ 325.233,33 ;2,10;1,99;2,10
Técnico em manutenção de equipamentos de informática Junior;Técnico Manutenção de Equip. Informática Diurno (1-Monitoramento) ; R$ 1.327,64 ; R$ 2.788,04 ;2,0; R$ 2.655,28 ; R$ 5.576,09 ;;;2,10;;2,10
Técnico em manutenção de equipamentos de informática Junior;Técnico Manutenção de Equip. Informática Nourno (1-Monitoramento) ; R$ 1.327,64 ; R$ 2.920,81 ;1,0; R$ 1.327,64 ; R$ 2.920,81 ;;;2,20;;2,20
Analista de suporte computacional Senior;Analista de Suporte Computacional (1 - Central Monitoramento Zabbix) ; R$ 6.500,00 ; R$ 13.650,00 ;1,0; R$ 6.500,00 ; R$ 13.650,00 ;;;2,10;;2,10
Gerente de suporte técnico de tecnologia da informação;Gerente de suporte técnico de tecnologia da informação ; R$ 4.657,51 ; R$ 9.780,78 ;1,0; R$ 4.657,51 ; R$ 9.780,78 ;;;2,10;;2,10
Técnico de suporte ao usuário de tecnologia da informação Senior;Técnico de suporte ao usuário de tecnologia da informação - Senior ; R$ 1.708,00 ; R$ 3.586,80 ;4,0; R$ 6.832,00 ; R$ 14.347,20 ;;;2,10;;2,10
Técnico em manutenção de equipamentos de informática Senior;Técnico em manutenção de equipamentos de informática Senior ; R$ 1.708,00 ; R$ 3.586,80 ;3,0; R$ 5.124,00 ; R$ 10.760,40 ;;;2,10;;2,10
Analista de suporte computacional Senior;Analista ITSM (1) ; R$ 7.500,00 ; R$ 15.750,00 ;1,0; R$ 7.500,00 ; R$ 15.750,00 ;;;2,10;;2,10
Gerente de suporte técnico de tecnologia da informação;Supervisor de Suporte Técnico e Monitoramento ; R$ 9.632,96 ; R$ 20.229,22 ;1,0; R$ 9.632,96 ; R$ 20.229,22 ;;;2,10;;2,10
Gerente de infraestrutura de tecnologia da informação;Gerente de Infraestrutura de TI (2); R$ 11.904,76 ; R$ 25.000,00 ;1,0; R$ 11.904,76 ; R$ 25.000,00 ;;;2,10;;2,10
Administrador de banco de dados - Senior;Administrador de Banco de Dados Sr (3-Banco de Dados) ; R$ 9.940,78 ; R$ 19.583,33 ;0,4; R$ 3.976,31 ; R$ 7.833,33 ;;;1,97;;1,97
Administrador de banco de dados - Senior;Administrador de Banco de Dados Sr (3-Banco de Dados) ; R$ 9.940,78 ; R$ 19.583,33 ;1,0; R$ 9.940,78 ; R$ 19.583,33 ;;;1,97;;1,97
Administrador de sistemas operacionais Senior;Administrador de Sistemas Operacionais (4-Apl., Virtualização e nuvem) ; R$ 9.204,79 ; R$ 18.777,78 ;0,5; R$ 4.602,40 ; R$ 9.388,89 ;;;2,04;;2,04
Administrador de sistemas operacionais Senior;Administrador de Sistemas Operacionais (4-Apl., Virtualização e nuvem) ; R$ 9.204,79 ; R$ 18.777,78 ;1,0; R$ 9.204,79 ; R$ 18.777,78 ;;;2,04;;2,04
Analista de suporte computacional Senior;Analista de Suporte Computacional (5-Serviços Corporativos) ; R$ 6.885,96 ; R$ 13.083,33 ;1,0; R$ 6.885,96 ; R$ 13.083,33 ;;;1,90;;1,90
Analista de suporte computacional Senior;Analista de Suporte Computacional (5-Serviços Corporativos) ; R$ 6.885,96 ; R$ 13.083,33 ;1,0; R$ 6.885,96 ; R$ 13.083,33 ;;;1,90;;1,90
Analista de suporte computacional Senior;Analista de Suporte Computacional (6- Armazenamento e Backup) ; R$ 6.592,11 ; R$ 12.525,00 ;1,0; R$ 6.592,11 ; R$ 12.525,00 ;;;1,90;;1,90
Analista de suporte computacional Senior;Analista de Suporte Computacional (6- Armazenamento e Backup) ; R$ 6.592,11 ; R$ 12.525,00 ;1,0; R$ 6.592,11 ; R$ 12.525,00 ;;;1,90;;1,90
Analista de redes e de comunicação de dados Senior;Analista de redes e de comunicação de dados Senior ; R$ 7.788,67 ; R$ 15.888,89 ;0,5; R$ 3.894,34 ; R$ 7.944,44 ;;;2,04;;2,04
Analista de redes e de comunicação de dados Senior;Analista de redes e de comunicação de dados Senior ; R$ 7.788,67 ; R$ 15.888,89 ;1,0; R$ 7.788,67 ; R$ 15.888,89 ;;;2,04;;2,04
Administrador em segurança da informação - Senior;Administrador de Segurança da Informação Sênior ; R$ 9.450,29 ; R$ 17.955,56 ;1,0; R$ 9.450,29 ; R$ 17.955,56 ;;;1,90;;1,90
Gerente de segurança da informação;Gerente de Segurança da Informação ; R$ 18.369,88 ; R$ 34.902,77 ;0,4; R$ 7.347,95 ; R$ 13.961,11 ;;;1,90;;1,90
Analista de sistemas de automação - Senior;Analista de sistemas de automação - Senior (Devops) ; R$ 15.497,90 ; R$ 27.896,22 ;0,4; R$ 6.199,16 ; R$ 11.158,49 ;;;1,80;;1,80
Administrador de sistemas operacionais Senior;Analista de sistemas de automação - Senior (Devops) ; R$ 12.421,21 ; R$ 22.358,18 ;1,0; R$ 12.421,21 ; R$ 22.358,18 ;;;1,80;;1,80
-;Preposto; R$ 500,00 ; R$ 1.673,82 ;0,1; R$ 50,00 ; R$ 167,38 ; R$ 7.795,30 ; R$ 13.051,98 ;3,35;1,67;
Analista de suporte computacional Pleno;Analista de Suporte; R$ 5.000,00 ; R$ 7.590,88 ;0,5; R$ 2.500,00 ; R$ 3.795,44 ;;;1,52;;1,52
Técnico de suporte ao usuário de tecnologia da informação Pleno;Técnico de Suporte 1; R$ 2.245,30 ; R$ 4.111,25 ;1,0; R$ 2.245,30 ; R$ 4.111,25 ;;;1,83;;1,83
Técnico de suporte ao usuário de tecnologia da informação Senior;Técnico de Suporte 2; R$ 3.000,00 ; R$ 4.977,91 ;1,0; R$ 3.000,00 ; R$ 4.977,91 ;;;1,66;;1,66
Técnico de suporte ao usuário de tecnologia da informação Junior;Técnico de Suporte; R$ 1.600,00 ; R$ 3.954,84 ;2,0; R$ 3.200,00 ; R$ 7.909,68 ; R$ 6.950,00 ; R$ 17.071,14 ;2,47;2,46;2,47
Analista de redes e de comunicação de dados Junior;Analista de Redes; R$ 3.750,00 ; R$ 9.161,46 ;1,0; R$ 3.750,00 ; R$ 9.161,46 ;;;2,44;;2,44
Técnico de suporte ao usuário de tecnologia da informação Senior;Técnico de Suporte II; R$ 2.858,60 ; R$ 6.266,67 ;1,0; R$ 2.858,60 ; R$ 6.266,67 ; R$ 2.858,60 ; R$ 6.266,67 ;2,19;2,19;2,19
Técnico de suporte ao usuário de tecnologia da informação Pleno;Equipe Especializada I – Atendimento Presencial a Usuário - Técnico de Suporte 2o Nível; R$ 1.832,35 ; R$ 6.146,06 ;15,0; R$ 27.485,25 ; R$ 92.190,90 ; R$ 53.313,24 ; R$ 162.898,65 ;3,35;3,06;3,35
Técnico de suporte ao usuário de tecnologia da informação Senior;Equipe especializada I – Atendimento Presencial ao Usuário - Líder Técnico; R$ 2.600,00 ; R$ 8.404,07 ;1,0; R$ 2.600,00 ; R$ 8.404,07 ;;;3,23;;3,23
-;Equipe especializada II – Governança de Serviços de TIC - Analista de Governança; R$ 3.900,00 ; R$ 10.443,27 ;2,0; R$ 7.800,00 ; R$ 20.886,54 ;;;2,68;;
Analista de redes e de comunicação de dados Junior;Equipe Especializada III – Redes, Telefonia, Monitoramento e Apoio à Segurança da Informação - Analista de Infraestrutura (Segurança e Monitoramento); R$ 3.900,00 ; R$ 10.443,27 ;1,0; R$ 3.900,00 ; R$ 10.443,27 ;;;2,68;;2,68
Analista de suporte computacional Junior;Equipe Especializada IV – Serviços Microsoft, Orquestração de Servidores e Armazenamento de Dados - Analista de Infraestrutura; R$ 4.000,00 ; R$ 10.650,18 ;2,0; R$ 8.000,00 ; R$ 21.300,36 ;;;2,66;;2,66
Analista de redes e de comunicação de dados Junior;Equipe Especializada III – Redes, Telefonia, Monitoramento e Apoio à Segurança da Informação - Analista de Infraestrutura (Rede e Comunicação); R$ 3.527,99 ; R$ 9.673,51 ;1,0; R$ 3.527,99 ; R$ 9.673,51 ;;;2,74;;2,74
Técnico de suporte ao usuário de tecnologia da informação Senior;Técnico em Informática; R$ 3.297,50 ; R$ 6.878,81 ;3,0; R$ 9.892,50 ; R$ 20.636,43 ; R$ 15.081,00 ; R$ 30.889,92 ;2,09;2,05;2,09
-;Supervisor; R$ 5.188,50 ; R$ 10.253,49 ;1,0; R$ 5.188,50 ; R$ 10.253,49 ;;;1,98;;
Técnico de suporte ao usuário de tecnologia da informação Junior;Técnico - Serviço de atendimento ao usuário de TIC; R$ 1.570,23 ; R$ 4.440,66 ;6,0; R$ 9.421,38 ; R$ 26.643,96 ; R$ 73.655,42 ; R$ 172.520,68 ;2,83;2,34;2,83
Gerente de suporte técnico de tecnologia da informação;Coordenador - Serviço de atendimento ao usuário de TIC; R$ 4.550,00 ; R$ 9.797,21 ;1,0; R$ 4.550,00 ; R$ 9.797,21 ;;;2,15;;2,15
Técnico de suporte ao usuário de tecnologia da informação Junior;N1 - Técnico de suporte ao usuário de tecnologia da informação Junior - CBO 3172 - 10; R$ 1.570,23 ; R$ 3.580,12 ;13,0; R$ 20.412,99 ; R$ 46.541,56 ;;;2,28;;2,28
Técnico de suporte ao usuário de tecnologia da informação Pleno;N2 - Técnico de suporte ao usuário de tecnologia da informação pleno - CBO 3172 - 10; R$ 1.601,68 ; R$ 3.651,83 ;6,0; R$ 9.610,08 ; R$ 21.910,98 ;;;2,28;;2,28
Técnico de suporte ao usuário de tecnologia da informação Senior;Coordenação do atendimento remoto - Técnico de suporte ao Usuario de TI Senior  - CBO 3172 - 10; R$ 2.434,68 ; R$ 5.551,07 ;1,0; R$ 2.434,68 ; R$ 5.551,07 ;;;2,28;;2,28
Técnico em manutenção de equipamentos de informática Pleno;Field - Técnico em manutenção de equipamentos de informática pleno - CBO 3132 - 20; R$ 1.570,23 ; R$ 3.580,12 ;8,0; R$ 12.561,84 ; R$ 28.640,96 ;;;2,28;;2,28
Gerente de suporte técnico de tecnologia da informação;Coordenador Geral - Gerente de suporte técnico de tecnologia da informação  - CBO 1425-30; R$ 8.018,00 ; R$ 18.281,04 ;1,0; R$ 8.018,00 ; R$ 18.281,04 ;;;2,28;;2,28
Analista de sistemas de automação - Pleno;ITSM - Analista de Sistemas de Automação Pleno - CBO 2124 - 15; R$ 3.557,08 ; R$ 8.110,14 ;1,0; R$ 3.557,08 ; R$ 8.110,14 ;;;2,28;;2,28
Desenvolvedor de sistemas de tecnologia da informação Junior;ITSM - Desenvolvedor de sistemas de tecnologia da informação Junior CBO 3171-10; R$ 2.059,58 ; R$ 4.695,84 ;1,5; R$ 3.089,37 ; R$ 7.043,76 ;;;2,28;;2,28
Técnico de suporte ao usuário de tecnologia da informação Pleno;Técnico de Operações 12x5; R$ 2.150,00 ; R$ 4.201,97 ;2,0; R$ 4.300,00 ; R$ 8.403,94 ; R$ 18.715,88 ; R$ 38.250,00 ;1,95;2,04;1,95
Técnico de suporte ao usuário de tecnologia da informação Pleno;Técnico de Operações 24x7 Diurno; R$ 2.500,00 ; R$ 5.119,06 ;2,0; R$ 5.000,00 ; R$ 10.238,12 ;;;2,05;;2,05
Técnico de suporte ao usuário de tecnologia da informação Senior;Técnico de Operações 24x7 Noturno; R$ 2.957,94 ; R$ 6.273,24 ;2,0; R$ 5.915,88 ; R$ 12.546,48 ;;;2,12;;2,12
-;Gestor de Operações; R$ 3.500,00 ; R$ 7.061,46 ;1,0; R$ 3.500,00 ; R$ 7.061,46 ;;;2,02;;
Analista de suporte computacional Pleno;Analista de suporte computacional - Pleno; R$ 6.949,36 ; R$ 14.579,25 ;5,0; R$ 34.746,80 ; R$ 72.896,25 ; R$ 88.149,22 ; R$ 197.285,66 ;2,10;2,24;2,10
Analista de suporte computacional Junior;Analista de suporte computacional - Junior; R$ 3.669,67 ; R$ 8.181,71 ;5,0; R$ 18.348,35 ; R$ 40.908,55 ;;;2,23;;2,23
Técnico de suporte ao usuário de tecnologia da informação Senior;Operador de Sistemas de Informação; R$ 2.584,30 ; R$ 6.082,42 ;1,0; R$ 2.584,30 ; R$ 6.082,42 ;;;2,35;;2,35
Técnico de suporte ao usuário de tecnologia da informação Pleno;Técnico de suporte ao usuário de tecnologia da informação ; R$ 2.040,33 ; R$ 5.066,45 ;2,0; R$ 4.080,66 ; R$ 10.132,90 ;;;2,48;;2,48
Técnico em manutenção de equipamentos de informática Pleno;Técnico em manutenção de equipamentos de informática ; R$ 2.040,33 ; R$ 5.066,45 ;10,0; R$ 20.403,30 ; R$ 50.664,50 ;;;2,48;;2,48
Administrador de sistemas operacionais Senior;Administrador de Sistemas Operacionais ; R$ 7.985,81 ; R$ 16.601,04 ;1,0; R$ 7.985,81 ; R$ 16.601,04 ;;;2,08;;2,08
Técnico de suporte ao usuário de tecnologia da informação Senior;Técnico de suporte ao usuário de tecnologia da informação Senior; R$ 2.532,00 ; R$ 4.785,48 ;40,0; R$ 101.280,00 ; R$ 191.419,20 ; R$ 106.468,00 ; R$ 201.224,52 ;1,89;1,89;1,89
Gerente de suporte técnico de tecnologia da informação;Gerente de suporte técnico de tecnologia da informação; R$ 5.188,00 ; R$ 9.805,32 ;1,0; R$ 5.188,00 ; R$ 9.805,32 ;;;1,89;;1,89
Técnico de suporte ao usuário de tecnologia da informação Pleno;Técnico Suporte em Informática; R$ 2.073,73 ; R$ 4.954,81 ;6,0; R$ 12.442,38 ; R$ 29.728,86 ; R$ 17.591,36 ; R$ 40.632,32 ;2,39;2,31;2,39
-;SUPERVISOR; R$ 5.148,98 ; R$ 10.903,46 ;1,0; R$ 5.148,98 ; R$ 10.903,46 ;;;2,12;;
Técnico de suporte ao usuário de tecnologia da informação Pleno;Operação Central de Serviços - Suporte Técnico N1; R$ 2.267,21 ; R$ 4.623,78 ;1,0; R$ 2.267,21 ; R$ 4.623,78 ; R$ 22.200,99 ; R$ 42.843,02 ;2,04;1,93;2,04
Técnico de suporte ao usuário de tecnologia da informação Senior;Monitoramento de Aplicações - Técnico de Suporte; R$ 2.684,53 ; R$ 5.334,63 ;1,0; R$ 2.684,53 ; R$ 5.334,63 ;;;1,99;;1,99
Técnico de suporte ao usuário de tecnologia da informação Senior;Suporte Presencial - Técnico de Suporte - N2; R$ 2.684,53 ; R$ 5.334,63 ;1,0; R$ 2.684,53 ; R$ 5.334,63 ;;;1,99;;1,99
Analista de suporte computacional Pleno;Administração Infraestrutura Sistemas - Analista de Sistemas; R$ 4.362,53 ; R$ 8.303,99 ;1,0; R$ 4.362,53 ; R$ 8.303,99 ;;;1,90;;1,90
Administrador de banco de dados - Junior;Administração Banco de Dados - Administrador de Banco de Dados; R$ 4.362,53 ; R$ 8.303,99 ;1,0; R$ 4.362,53 ; R$ 8.303,99 ;;;1,90;;1,90
-;Coordenador Técnico de Atendimento e Suporte - Supervisor; R$ 5.839,66 ; R$ 10.942,00 ;1,0; R$ 5.839,66 ; R$ 10.942,00 ;;;1,87;;
Técnico de suporte ao usuário de tecnologia da informação Senior;Atendente N1; R$ 2.537,28 ; R$ 6.494,82 ;11,0; R$ 27.910,08 ; R$ 71.443,02 ; R$ 55.633,55 ; R$ 137.999,87 ;2,56;2,48;2,56
Técnico de suporte ao usuário de tecnologia da informação Senior;Atendente N2; R$ 3.247,72 ; R$ 7.889,02 ;6,0; R$ 19.486,32 ; R$ 47.334,12 ;;;2,43;;2,43
-;Supervisor N1; R$ 3.869,23 ; R$ 9.108,68 ;1,0; R$ 3.869,23 ; R$ 9.108,68 ;;;2,35;;
-;Supervisor N2; R$ 4.367,92 ; R$ 10.114,05 ;1,0; R$ 4.367,92 ; R$ 10.114,05 ;;;2,32;;
Administrador de banco de dados - Senior;ABD 2 - Administração de banco de dados -   40 horas semanais - CBO 2123-05 (Senior); R$ 10.446,39 ; R$ 22.671,87 ;2,0; R$ 20.892,78 ; R$ 45.343,74 ; R$ 445.810,24 ; R$ 969.159,57 ;2,17;2,17;2,17
Administrador de banco de dados - Senior;ABD 3 - Administração de banco de dados -   40 horas semanais - CBO 2123-05 (Máster I); R$ 13.286,71 ; R$ 28.668,16 ;2,0; R$ 26.573,42 ; R$ 57.336,32 ;;;2,16;;2,16
-;ABD 4 - Administração de banco de dados -   40 horas semanais - CBO 2123-05 (Máster II); R$ 19.000,00 ; R$ 40.729,67 ;1,0; R$ 19.000,00 ; R$ 40.729,67 ;;;2,14;;
-;AMI3 - Administração de Middleware - 40 horas semanais - CBO 2123-15 (Máster I); R$ 12.035,34 ; R$ 26.026,35 ;1,0; R$ 12.035,34 ; R$ 26.026,35 ;;;2,16;;
-;AMI3 - Administração de Middleware - 40 horas semanais - CBO 2123-15 (Máster II); R$ 18.758,33 ; R$ 40.219,48 ;3,0; R$ 56.274,99 ; R$ 120.658,44 ;;;2,14;;
Analista de suporte computacional Pleno;ASI1 - Administração e Suporte de Infraestrutura - 40 horas semanais - CBO 2123-10 (Pleno); R$ 6.351,71 ; R$ 14.066,08 ;3,0; R$ 19.055,13 ; R$ 42.198,24 ;;;2,21;;2,21
Analista de suporte computacional Senior;ASI2 - Administração e Suporte de Infraestrutura - 40 horas semanais - CBO 2123-10 (Senior); R$ 9.150,33 ; R$ 19.935,71 ;4,0; R$ 36.601,32 ; R$ 79.742,84 ;;;2,18;;2,18
-;ASI3 - Administração e Suporte de Infraestrutura - 40 horas semanais - CBO 2123-10 (Máster I); R$ 11.827,66 ; R$ 25.587,91 ;4,0; R$ 47.310,64 ; R$ 102.351,64 ;;;2,16;;
-;ASI4 - Administração e Suporte de Infraestrutura - 40 horas semanais - CBO 2123-10 (Máster II); R$ 15.141,67 ; R$ 32.584,23 ;3,0; R$ 45.425,01 ; R$ 97.752,69 ;;;2,15;;
Analista de suporte computacional Pleno;CPS1 - Configuração de Equipamentos e Suporte -  40 horas semanais - CBO 2124-20 (Pleno); R$ 5.421,66 ; R$ 12.184,72 ;5,0; R$ 27.108,30 ; R$ 60.923,60 ;;;2,25;;2,25
Analista de suporte computacional Senior;CPS2 - Configuração de Equipamentos e Suporte -  40 horas semanais - CBO 2124-20 (Senior); R$ 7.134,84 ; R$ 15.719,38 ;2,0; R$ 14.269,68 ; R$ 31.438,76 ;;;2,20;;2,20
Gerente de infraestrutura de tecnologia da informação;GT - Gerência Técnica -  40 horas semanais - CBO 1414-20 (Máster I); R$ 18.070,60 ; R$ 38.767,59 ;1,0; R$ 18.070,60 ; R$ 38.767,59 ;;;2,15;;2,15
Analista de sistemas de automação - Pleno;PCP1 - Planejamento e Controle de Produção - 40 horas semanais - CBO 1425-15 (Pleno); R$ 8.688,72 ; R$ 18.961,19 ;1,0; R$ 8.688,72 ; R$ 18.961,19 ;;;2,18;;2,18
Analista de sistemas de automação - Senior;PCP2 - Planejamento e Controle de Produção - 40 horas semanais - CBO 1425-15 (Sênior); R$ 11.084,96 ; R$ 24.019,97 ;1,0; R$ 11.084,96 ; R$ 24.019,97 ;;;2,17;;2,17
Técnico de suporte ao usuário de tecnologia da informação Pleno;SUI1 - Suporte a Usuários de Informátca - 40 horas semanais - CBO 1425-30 (Pleno); R$ 3.339,28 ; R$ 7.980,13 ;3,0; R$ 10.017,84 ; R$ 23.940,39 ;;;2,39;;2,39
Técnico de suporte ao usuário de tecnologia da informação Senior;SUI2 - Suporte a Usuários de Informátca - 40 horas semanais - CBO 1425-30 (Senior); R$ 5.708,84 ; R$ 12.769,90 ;3,0; R$ 17.126,52 ; R$ 38.309,70 ;;;2,24;;2,24
Gerente de segurança da informação;ECS - Especialista em Cibersegurança - 40 horas semanais - CBO 2123-20 (Master II); R$ 18.758,33 ; R$ 40.219,48 ;3,0; R$ 56.274,99 ; R$ 120.658,44 ;;;2,14;;2,14
Técnico de suporte ao usuário de tecnologia da informação Pleno;Técnico de suporte N1 - 12x36; R$ 1.818,40 ; R$ 5.381,30 ;2,0; R$ 3.636,80 ; R$ 10.762,60 ; R$ 14.666,80 ; R$ 41.666,00 ;2,96;2,84;2,96
Técnico de suporte ao usuário de tecnologia da informação Pleno;Técnico de suporte N2 - 12x36; R$ 2.200,00 ; R$ 6.170,31 ;4,0; R$ 8.800,00 ; R$ 24.681,24 ;;;2,80;;2,80
Tecnico de Rede (Telecomunicacoes) Pleno;Técnico de redes; R$ 2.230,00 ; R$ 6.222,16 ;1,0; R$ 2.230,00 ; R$ 6.222,16 ;;;2,79;;2,79
